セット名,並び,要素作業
伐倒（チェーンソー）,1,林内移動
伐倒（チェーンソー）,2,確認整理
伐倒（チェーンソー）,3,受口
伐倒（チェーンソー）,4,追口
伐倒（チェーンソー）,5,クサビ
伐倒（チェーンソー）,6,伐倒
伐倒（チェーンソー）,7,かかり木処理
伐倒（チェーンソー）,8,作業待ち
伐倒（チェーンソー）,9,休息
伐倒（チェーンソー）,10,その他
造材（プロセッサ）,1,空移動
造材（プロセッサ）,2,材つかみ
造材（プロセッサ）,3,実移動
造材（プロセッサ）,4,造材
造材（プロセッサ）,5,ハイ積み
造材（プロセッサ）,6,枝条整理
造材（プロセッサ）,7,待ち
造材（プロセッサ）,8,その他
車両系集材（フォワーダ）,1,空車走行
車両系集材（フォワーダ）,2,積込み
車両系集材（フォワーダ）,3,積載走行
車両系集材（フォワーダ）,4,荷下ろし
車両系集材（フォワーダ）,5,土場整理
車両系集材（フォワーダ）,6,待ち
車両系集材（フォワーダ）,7,その他
スイングヤーダ,1,SY移動
スイングヤーダ,2,空搬送り
スイングヤーダ,3,索引込み
スイングヤーダ,4,荷かけ
スイングヤーダ,5,退避
スイングヤーダ,6,木寄せ
スイングヤーダ,7,荷外し
スイングヤーダ,8,待ち
スイングヤーダ,9,トラブル
スイングヤーダ,10,その他
シン・ラプトル,1,空走行
シン・ラプトル,2,立木確認
シン・ラプトル,3,立木つかみ
シン・ラプトル,4,伐倒
シン・ラプトル,5,つかみ直し
シン・ラプトル,6,実走行
シン・ラプトル,7,待ち
シン・ラプトル,8,トラブル
シン・ラプトル,9,その他
シン・ラプトル,10,点検整備
